{
  "f1_macro": 0.3674679416760594,
  "accuracy": 0.4216255442670537,
  "balanced_accuracy": 0.3805718954248366
}