{
  "f1_macro": 0.3431399436832374,
  "accuracy": 0.37206095791001453,
  "balanced_accuracy": 0.3454458450046685
}