{
  "f1_macro": 0.33666198340356973,
  "accuracy": 0.3801161103047896,
  "balanced_accuracy": 0.35311157796451914
}