{
  "f1_macro": 0.34489253098970607,
  "accuracy": 0.37242380261248187,
  "balanced_accuracy": 0.3499743230625583
}